{
    "input_size": 6800,
    "hidden_size": 128,
    "output_size": 1,
    "learning_rate": 1e-05,
    "epochs": 500,
    "batch_size": 64,
    "seed": 68,
    "test_ratio": 0.8,
    "dropout_rate": 0.3,
    "verbose": false,
    "data": "kp",
    "model": "mlp",
    "fr-test-f1": 0.8926647299383437,
    "vid-test-f1": 0.9450124343741365,
    "fr-val-f1": 0.6521913752127706,
    "vid-val-f1": 0.751984126984127
}