{
    "input_size": 34,
    "hidden_size": 64,
    "output_size": 1,
    "window": 200,
    "learning_rate": 1e-05,
    "epochs": 500,
    "batch_size": 64,
    "seed": 4148,
    "test_ratio": 0.8,
    "dropout": 0.3,
    "num_layer": 1,
    "verbose": false,
    "data": "kp",
    "model": "lstm",
    "fr-test-f1": 0.3604057133306849,
    "vid-test-f1": 0.3850267379679145,
    "fr-val-f1": 0.8082016889506799,
    "vid-val-f1": 0.7912087912087913
}