{
    "input_size": 6800,
    "hidden_size": 128,
    "output_size": 1,
    "learning_rate": 1e-05,
    "epochs": 500,
    "batch_size": 64,
    "seed": 139,
    "test_ratio": 0.8,
    "dropout_rate": 0.3,
    "verbose": false,
    "data": "kp",
    "model": "mlp",
    "fr-test-f1": 0.8904043600005239,
    "vid-test-f1": 0.9817816843577968,
    "fr-val-f1": 0.5905507181000266,
    "vid-val-f1": 0.5790476190476191
}