{
    "input_size": 34,
    "hidden_size": 64,
    "output_size": 1,
    "window": 200,
    "learning_rate": 1e-05,
    "epochs": 500,
    "batch_size": 64,
    "seed": 68,
    "test_ratio": 0.8,
    "dropout": 0.3,
    "num_layer": 1,
    "verbose": false,
    "data": "kp",
    "model": "lstm",
    "fr-test-f1": 0.4802380922199935,
    "vid-test-f1": 0.4965156794425087,
    "fr-val-f1": 0.7421314389624633,
    "vid-val-f1": 0.7657605552342395
}