{
    "input_size": 6800,
    "hidden_size": 128,
    "output_size": 1,
    "learning_rate": 1e-05,
    "epochs": 500,
    "batch_size": 64,
    "seed": 21,
    "test_ratio": 0.8,
    "dropout_rate": 0.3,
    "verbose": false,
    "data": "kp",
    "model": "mlp",
    "fr-test-f1": 0.8928958378908105,
    "vid-test-f1": 0.9636363636363636,
    "fr-val-f1": 0.6513580989670505,
    "vid-val-f1": 0.7296654510860948
}