{
    "input_size": 6800,
    "hidden_size": 128,
    "output_size": 1,
    "learning_rate": 1e-05,
    "epochs": 500,
    "batch_size": 64,
    "seed": 4148,
    "test_ratio": 0.8,
    "dropout_rate": 0.3,
    "verbose": false,
    "data": "kp",
    "model": "mlp",
    "fr-test-f1": 0.896295132166303,
    "vid-test-f1": 0.9634652981427175,
    "fr-val-f1": 0.6309841680055439,
    "vid-val-f1": 0.6837682441397611
}