{
    "input_size": 6800,
    "hidden_size": 128,
    "output_size": 1,
    "learning_rate": 1e-05,
    "epochs": 500,
    "batch_size": 64,
    "seed": 74,
    "test_ratio": 0.8,
    "dropout_rate": 0.3,
    "verbose": false,
    "data": "kp",
    "model": "mlp",
    "fr-test-f1": 0.8953720138763626,
    "vid-test-f1": 0.9453450530733903,
    "fr-val-f1": 0.5683941187185877,
    "vid-val-f1": 0.4575273338940286
}